google.com,site
facebook.com,site
youtube.com,site
baidu.com,site
yahoo.com,site
amazon.com,site
wikipedia.org,site
google.co.in,site
qq.com,site
twitter.com,site
live.com,site
taobao.com,site
msn.com,site
yahoo.co.jp,site
linkedin.com,site
google.co.jp,site
sina.com.cn,site
weibo.com,site
bing.com,site
yandex.ru,site
vk.com,site
instagram.com,site
hao123.com,site
ebay.com,site
google.de,site
amazon.co.jp,site
mail.ru,site
google.co.uk,site
google.ru,site
pinterest.com,site
360.cn,site
t.co,site
reddit.com,site
google.com.br,site
netflix.com,site
tmall.com,site
google.fr,site
paypal.com,site
microsoft.com,site
wordpress.com,site
sohu.com,site
blogspot.com,site
google.it,site
google.es,site
onclickads.net,site
tumblr.com,site
imgur.com,site
gmw.cn,site
ok.ru,site
aliexpress.com,site
xvideos.com,site
apple.com,site
imdb.com,site
stackoverflow.com,site
fc2.com,site
google.com.mx,site
ask.com,site
amazon.de,site
google.com.hk,site
google.com.tr,site
alibaba.com,site
google.ca,site
office.com,site
rakuten.co.jp,site
pornhub.com,site
google.co.id,site
diply.com,site
tianya.cn,site
xinhuanet.com,site
github.com,site
craigslist.org,site
nicovideo.jp,site
soso.com,site
amazon.co.uk,site
amazon.in,site
blogger.com,site
kat.cr,site
outbrain.com,site
pixnet.net,site
cnn.com,site
googleusercontent.com,site
go.com,site
bongacams.com,site
google.pl,site
dropbox.com,site
google.com.au,site
360.com,site
adnetworkperformance.com,site
haosou.com,site
naver.com,site
jd.com,site
adobe.com,site
xhamster.com,site
flipkart.com,site
microsoftonline.com,site
whatsapp.com,site
nytimes.com,site
coccoc.com,site
chase.com,site
chinadaily.com.cn,site
